{"cameraMode":{"drawMode":0,"name":"Shaded","section":"Shading Mode"},"sceneLighting":true,"audioPlay":false,"sceneViewState":{"m_AlwaysRefresh":false,"showFog":true,"showSkybox":true,"showFlares":true,"showImageEffects":true,"showParticleSystems":true,"showVisualEffectGraphs":true,"m_FxEnabled":true},"in2DMode":false,"pivot":{"x":-0.3628673553466797,"y":-1.4516551494598389,"z":-3.881406784057617},"rotation":{"x":0.004265963099896908,"y":-0.889646589756012,"z":0.45674145221710207,"w":0.008254244923591614},"size":6.267158508300781,"orthographic":true}