{"cameraMode":{"drawMode":0,"name":"Shaded","section":"Shading Mode"},"sceneLighting":false,"audioPlay":false,"sceneViewState":{"m_AlwaysRefresh":false,"showFog":true,"showSkybox":false,"showFlares":true,"showImageEffects":true,"showParticleSystems":true,"showVisualEffectGraphs":true,"m_FxEnabled":true},"in2DMode":false,"pivot":{"x":18.030000686645509,"y":0.9716000556945801,"z":0.7839000225067139},"rotation":{"x":0.20448507368564607,"y":0.16068172454833985,"z":-0.034053366631269458,"w":0.9650184512138367},"size":0.9800713658332825,"orthographic":true}